smiles,labels
O=C(CBr)c1ccc(C2C(=O)c3ccccc3C2=O)cc1,0
CCn1nc(-c2ccccc2)nc2c(=O)n(C)c(=O)nc1-2,0
CC[C@H](NC(=O)[C@H](Cc1ccc(OP(=O)(O)O)cc1)NC(C)=O)c1nc(Cc2ccc(C(F)(F)F)cc2)no1,0
O=C1NC(O)C(c2c[nH]c3ccccc23)=C1c1c[nH]c2ccccc12,0
O=C1CN2C(=NN1)COc1ccc(NCC3CCNCC3)cc12,0
Nc1nccc(-c2cc3ccccc3[nH]2)n1,0
CC(C)[C@H](NC(=O)C[C@@H](CCC(=O)O)NC(=O)[C@@H](NC(=O)[C@@H](N)Cc1ccc(OP(=O)(O)O)cc1)C(=O)O)C(=O)O,0
FC(F)(F)c1cccc(-c2ccc3[nH]nc(-c4nc5ccccc5[nH]4)c3c2)c1,0
CC1(C)CC(=O)c2c(nn(-c3cccc(Cl)c3)c2-c2ccc(Cl)c(Cl)c2)C1,0
Fc1cccc(COc2ccc(Nc3cc(-c4cccnc4)ncn3)cc2Cl)c1,0
Cc1cc(C)c2oc(Nc3ccc(-c4nsc5ncnc(N)c45)cc3)nc2c1,0
CN1CCN(Cc2ccc3c(c2)-c2[nH]nc(-c4ccsc4)c2C3)CC1,0
CC(=O)Nc1cc(OC(C)=O)c2nonc2c1OC(C)=O,0
COc1cc(-c2csc3c(NC(=O)CCN4CCCC4)cnc(N)c23)ccc1NC(=O)c1cc2ccccc2n1C,0
COc1ccccc1-c1c[nH]nc1-c1ccc(OCc2ccccc2F)cc1O,0
O[C@H]1CC[C@H](NC2=Nc3ccccc3N3CCN=C23)CC1,0
CC(=O)N1CCN(C(=O)c2cccc(CSc3cnc(NC(=O)c4ccc(N(C)C)cc4)s3)c2C)CC1,0
O=C1/C(=C/C=C/c2ccccc2)SC(=S)N1Cc1ccc2c(c1)OCO2,0
N#C/C(=C\c1c[nH]c2ccccc12)c1n[nH]c(N)c1C#N,0
COc1cc(Nc2nc(Cl)nc(Nc3ccccc3NS(C)(=O)=O)n2)cc(OC)c1OC,0
O=C1CSC(N/N=C/c2cccc(O)c2)=N1,0
Cc1nn(C)c2nnc(Nc3ccc(S(=O)(=O)NCC(O)CO)cc3)nc12,0
CNC(=O)c1cccc2cc(Oc3ccnc4cc(OC)c(OC)cc34)ccc12,0
Cc1cccc(NC(=O)Cc2cccc(Oc3ccc4nccn4n3)c2)c1,0
CN1C/C(=C\c2ccccn2)C(=O)[C@@H](Cc2ccccn2)C1,0
Cc1ccc(NC(=O)c2cccc(C(F)(F)F)c2)cc1/C=C/n1cnc2c(Nc3cccnc3)ncnc21,0
CC(=O)Nc1cc(C(N)=O)c2ncnc(NCc3ccccc3)c2c1,0
COc1cnc(COc2cc(F)c(F)cc2C)cc1-c1cc2c([nH]1)CCNC2=O,0
O=C1CSC(N/N=C/c2cccc(F)c2)=N1,0
COc1ccc(CC(=O)NS(=O)(=O)c2ccc(F)cc2)cc1,0
O=C(O)C(c1ccccc1)S(=O)(=O)O,0
C#CC[C@H](NC(=O)[C@H](Cc1ccc(O)cc1)NC(=O)[C@H](Cc1c[nH]c2ccccc12)NC(=O)[C@H](Cc1ccccc1)NC(=O)[C@@H](NC(=O)[C@H](CCSC)NC(=O)[C@H](CCCCN)NC(=O)[C@H](CC(N)=O)NC(=O)[C@H](CC(=O)O)NC(=O)[C@H](CC(C)C)NC(=O)CN=[N+]=[N-])[C@@H](C)CC)C(N)=O,0
FC(F)(F)c1c[nH]c(-c2n[nH]cc2/C=C/c2cccnc2)n1,0
CC[C@H](C)[C@H](NC(=O)[C@H](CS)NC(C)=O)C(=O)N[C@H]1Cc2ccc(cc2)NC(=O)[C@H](Cc2ccc(O)cc2)NC(=O)[C@H](Cc2ccc(O)cc2)NC(=O)[C@H](CCCCN)NC1=O,0
O=C(CCCCCn1c(SCC(=O)c2ccccc2)nc2ccccc2c1=O)NCc1ccco1,0
C=CCn1c(SC/C(O)=C(/C#N)C(C)=N)nc2sc(CC)cc2c1=O,0
COC(=O)N1CCC(n2ncc3c(N4CCOCC4)nc(-c4ccc(N)cc4)nc32)CC1,0
CCCCCCCCCCCCC1C(=O)O[C@@H](CO)[C@@]12CCC(=O)O2,0
CN1C/C(=C\c2ccccn2)C(=O)/C(=C/c2ccccn2)C1,0
O=C(Cc1cccc(Br)c1)NS(=O)(=O)c1ccc(Br)cc1,0
Cc1ccc(-c2cccc(C(=O)N3CCc4c([nH]c5ccccc45)C3)c2)cc1,0
Cc1ccc(-c2c(C)nn(C)c2C)cc1NC(=O)c1ccc(OCc2ccccn2)cc1,0
Cc1n[nH]c2sc(C(N)=O)c(NC(=O)Nc3ccccc3)c12,0
CCNc1cc(N[C@H]2CC[C@@H](O)CC2)nc(Nc2ccc3c(ccn3Cc3ccccc3)c2)n1,0
COc1ccc(CC(=O)NS(=O)(=O)c2ccccc2)cc1,0
COc1ccc2nc(NC(=O)Cc3ccc(OC)c(S(=O)(=O)N4CCOCC4)c3)sc2c1,0
Cc1ccc(-c2ccc(C(=O)N(C)CCc3c[nH]c4ccccc34)cc2)cc1,0
CN1CCN(c2ccc(Nc3ncc(Cl)c(-c4cccc(CC#N)c4)n3)cc2-c2ncco2)CC1,0
CN(C)c1ccc(/C=C2\C(=O)N(C)c3ccccc32)cc1,0
Cl.N=C(N)N/N=C\c1c(-c2ccc([N+](=O)[O-])cc2)nc2sc(Br)cn12,0
N[C@H](Cc1ccc(Cl)cc1)C(=O)N1CCN(c2cnnc3ccccc23)CC1,0
CCCC(=O)Nc1n[nH]c2cc(Cl)c(Br)cc12,0
CCCCN(CCCC)C(=O)c1ccc(N(CCCl)CCCl)cc1,0
O=C(O)C(c1ccc(O)cc1)S(=O)(=O)O,0
O=C(Nc1ccccc1F)c1cnn2ccccc12,0
COc1ccccc1Nc1cncc(-c2cccc(NC(C)=O)c2)n1,0
COc1ccc(/C=N/Nc2ccccc2)cc1OC,0
CC[C@H](Nc1nc(NCc2cccnc2)c2ncn(C(C)C)c2n1)C(O)C(C)(C)C,0
Cc1nc2sccn2c1/C=C/c1ccnc(N)n1,0
Nc1ncnc2c1ncn2CC(=O)c1cccnc1,0
COC(=O)c1cccc(CN2C(=O)CC(c3ccccc3)Sc3ccccc32)c1,0
Cc1c(CCC(=O)O)c[nH]c1/C=C1\C(=O)Nc2ccccc21,0
Cc1ccc(S(=O)(=O)Nc2ccc(Nc3ccn4ncc(-c5cccc(N(C)C)c5)c4n3)cc2)cc1,0
O=C(c1cc2cccc(O)c2o1)c1cc2cccc(O)c2o1,0
COc1ccccc1/C=C/C(=N/NC(N)=S)c1ccccc1,0
O=C1NN(c2ccccc2)C(=O)/C1=C/c1ccc(-c2ccccc2Cl)o1,0
COc1cc(O)c2c(c1)/C=C/CCCC(=O)/C=C/C[C@H](C)OC2=O,0
CCCCCCCCCCCCN1C(=O)c2cccc3c(NCCNCCN(C)C)ccc(c23)C1=O,0
Br.CCCCCCc1c(C)c2ccc(N(CC)CCCC(=O)O)cc2oc1=O,0
Cc1cc2c(cc1NC1CNC1)N1C(=NNC(=O)[C@H]1C)CO2,0
c1cnn2ncc(-c3ccnc(NCCCN4CCOCC4)n3)c2c1,0
C=CC[C@H](NC(=O)[C@H](CCC(N)=O)NC(=O)[C@H](CCC(N)=O)NC(=O)[C@H](Cc1cnc[nH]1)NC(=O)[C@@H]1CCCN1C(=O)[C@H](CCCCN)NC(=O)[C@@H](NC(=O)[C@H](CC=C)NC(=O)[C@H](CCSC)NC(C)=O)[C@@H](C)CC)C(=O)N[C@H](C(N)=O)[C@@H](C)CC,0
COc1ccc(-c2cc(-c3ccc(N4CCNCC4)cc3)cnc2N)cc1,0
COc1cccc(-c2cn(-c3ccc(C(=O)Nc4ccc(C(P(=O)(O)O)P(=O)(O)O)cc4)cc3)c3ncnc(N)c23)c1,0
CC(=O)Nc1ccc(Oc2ccc(/C=C3\SC(=S)N(c4ccc(OCCCN5CCN(C)CC5)cc4)C3=O)cc2)cc1,0
Cc1cccc(N2NC(=O)/C(=C/c3ccc(-c4ccccc4F)o3)C2=O)c1,0
CN(C)c1ccc(-c2ccc3nnc(-c4cccnc4)n3c2)cc1,0
CN1C(=O)C(=C(C#N)C#N)c2cc(O)ccc21,0
NCCOc1cccc(O)c1C(=O)c1c(O)cc(C(=O)OC2CCCC2NC(=O)c2ccc(O)cc2)cc1O,0
CC(O)c1cccc(NC(=O)c2cc3ccccc3[nH]2)c1,0
c1nc(N2CCCCC2)c2nc[nH]c2n1,0
O=C(NCCc1c[nH]c2ccccc12)c1ccccc1-c1cccc(F)c1,0
CC(C)=CCC[C@H](C)c1ccc(C)cc1O,0
COc1cc2ncnc(N3CCN(C(C)c4ccccc4)CC3)c2cc1OC,0
CCCCCc1noc([C@H](CC)NC(=O)[C@H](Cc2ccc(OP(=O)(O)O)cc2)NC(C)=O)n1,0
CC(=O)c1ccc(NC(=O)c2cc3ccccc3[nH]2)cc1,0
CN1CCC(c2ccc(Nc3ncc(C(F)(F)F)c(CCc4ccccc4CC(N)=O)n3)c(OC(F)(F)F)c2)CC1,0
Nc1nc2c(c(Nc3ccc(Cl)cc3)n1)-c1ccccc1C2,0
C[C@@H](Nc1c(Nc2ccccc2)c(=O)c1=O)C(C)(C)C,0
COc1ncc(-c2ccc3c(c2)OCO3)cc1C(=O)Nc1ccc(CN2CCN(C)CC2)cc1,0
Cc1cccc2c1/C(=C/c1ccc(N3CCN(C=O)CC3)cc1)C(=O)N2,0
C[C@@H](Nc1c(Nc2ccnc(Nc3ccccn3)n2)c(=O)c1=O)C(C)(C)C,0
Nc1ncccc1OCc1ccccc1,0
Cn1c(SSc2c(C(=O)Nc3ccccc3)c3cccnc3n2C)c(C(=O)Nc2ccccc2)c2cccnc21,0
CCOc1cc2ncc(C#N)c(Nc3cccc(Br)c3)c2cc1NC(=O)/C=C/CN1CCOCC1,0
CC(C)[C@@H]1CC[C@]2(C(=O)O)CC[C@]3(C)C(CCC4[C@@]5(C)CC[C@H](O)C(C)(C)C5CC[C@]43C)C12,0
COc1cc(C2=C(c3cn(C)c4ccccc34)C(=O)NC2)cc(OC)c1OC,0
Cc1ccccc1OCCSc1nc2ccccc2n1CC(=O)O,0
CC(=O)N[C@@H](Cc1ccc(OP(=O)(O)O)cc1)C(=O)N[C@@H](CCC(N)=O)c1nc(Cc2ccc(C(C)C)cc2)no1,0
CCCCCCCCN(CCCCCCCC)C(=O)[C@H](C)NC(=O)[C@@H](NC(=O)[C@H](Cc1ccc(OP(=O)(O)O)cc1)NC(C)=O)C(C)C,0
Oc1[nH]c2ccccc2c1/C=N/c1ccc2c(c1)OCCO2,0
CCOC(=O)c1c(-c2ccc(F)cc2)csc1N,0
NC(=O)C(Nc1c(Nc2ccncc2)c(=O)c1=O)c1cccc(O)c1,0
O=C(CCn1cnc2ccccc2c1=O)Nc1ccc(S(=O)(=O)N2CCCC2)cc1,0
O=c1c(C(F)(F)F)c(OCc2ccccc2)ccn1Cc1cccc(F)c1,0
COc1cccc(NC(=O)CCCn2c(=O)[nH]c3ccccc3c2=O)c1,0
C[C@H](CCC(=O)N[C@@H](Cc1c[nH]c2ccc(Br)cc12)C(=O)O)[C@H]1CC[C@H]2[C@@H]3CC=C4C[C@@H](O)CC[C@]4(C)[C@H]3CC[C@@]21C,0
O=[N+]([O-])c1cccc(Nc2nccc(-c3ccncc3)n2)c1,0
N#Cc1ccc(CN(Cc2ccc(C#N)cc2)c2ccc3[nH]c(-c4ccc(NC(=O)CNC(=N)N)cc4)cc3c2)cc1,0
O=C(O)c1cccc(N2C(=O)/C(=C\c3cnc4ccccc4n3)SC2=S)c1,0
C=CC[C@H](NC(=O)[C@H](CCC(N)=O)NC(=O)CNC(=O)[C@H](CCC(N)=O)NC(=O)[C@H](Cc1cnc[nH]1)NC(=O)[C@@H]1CCCN1C(=O)[C@H](CCCCN)NC(=O)[C@@H](NC(=O)[C@H](CC=C)NC(=O)[C@H](CCSC)NC(C)=O)[C@@H](C)CC)C(=O)N[C@H](C(N)=O)[C@@H](C)CC,0
CCCCCCCCCCCCCC(=O)O[C@@H](CO)[C@H]1CCC(=O)O1,0
O=C(O)c1cc2c(c3c1c([N+](=O)[O-])cc1ccc(O)cc13)OCO2,0
COc1ccc(Cl)cc1NC(=O)Nc1cc(C)nc2c1CCCN2,0
CC(=O)O/N=C1C(=C2\C(=O)Nc3c(Br)cccc32)\Nc2ccccc2\1,0
COc1ccc(CNC(=O)[C@H](CCC(=O)O)NC(=O)[C@H](Cc2ccc(CC(=O)O)cc2)NC(C)=O)cc1,0
CC(C)[C@H](NC(=O)c1ccc(NC(=N)N)cc1)C(=O)N[C@@H](Cc1ccccc1)C(=O)NCc1ccccc1,0
Fc1ccc(-c2nc3ccccc3nc2-c2ccncc2)cc1,0
O=c1cc(-c2ccc(O)c(O)c2)oc2cc(O)cc(O)c12,0
Fc1ccc(C2C(c3ccncc3)NC3SCCN32)cc1,0
CN1CCN(Cc2ccc(NC(=O)c3cc(-c4ccc5c(c4)OCO5)cnc3Cl)cc2)CC1,0
S=c1[nH]nc(-c2ccncc2)n1-c1ccc2ncccc2c1,0
COc1ccccc1-c1ccccc1C(=O)NCCc1c[nH]c2ccccc12,0
Cc1ccc(-n2nc3c(c2C2CCCCC2)C(=O)CCC3)cc1,0
COc1ccccc1/C=C/C(=O)OCCn1c([N+](=O)[O-])cnc1C,0
O=C1C(c2ccccc2)=C(O)C(=O)c2c1oc1cc(O)c(O)cc21,0
CCN(CC)C/C=C/c1cnc(N)c2c(-c3ccc(NC(=O)c4cc5ccccc5n4C)c(OC)c3)csc12,0
Cc1ccc(S(=O)(=O)NCCCCCC(=O)Nc2nccs2)cc1,0
O=Cc1cccc(-n2cnc3ccccc32)c1,0
O=C1Cc2cnc(Nc3ccccc3Cl)nc2-c2ccccc2N1,0
COc1cc(-c2cc3[nH]ccnc-3n2)cc(OC)c1OC,0
O=C(NC1CNCCC[C@H]1OC(=O)c1cc(O)c(C(=O)c2ccccc2O)c(O)c1)c1ccc(O)cc1,0
Fc1cc2nccnc2cc1N1CCSCC1,0
CC(C)c1ccc(Nc2nc(NC(=O)C(C)(C)C)nc3[nH]c4cccc(Cl)c4c23)cc1,0
CC(=O)N[C@@H](Cc1ccc(OP(=O)(O)O)cc1)C(=O)N[C@@H](CO)c1nc(Cc2ccc3ccccc3c2)no1,0
Cc1[nH]c2ccccc2c1-c1ccnc(NC(CO)C(C)C)n1,0
CC1(C)COC(c2ccc3nc(N)ccc3c2)OC1,0
O=C(O)CSc1nnc(-c2ccc(N3CCCCC3)cc2F)[nH]1,0
Nc1ccc2c(C(F)(F)F)cc(=O)oc2c1,0
O=C(Nc1ccc(OC(F)(F)F)cc1)Nc1cc(Cl)nc2ccccc12,0
C=CC(=O)Nc1ccc2ncnc(Nc3ccc(S(N)(=O)=O)cc3)c2c1,0
CNC(=O)c1cc(Nc2ncc(Cl)c(-c3cccc(CC#N)c3)n2)ccc1N1CCN(C)CC1,0
CC1=CC(=C2C(=O)c3ccccc3C2=O)C=C(C)N1Cc1ccco1,0
N#Cc1cc2c(N)ncnc2nc1NCCO,0
COc1ccccc1-c1ccc(Oc2cncc3sc(-c4nn[nH]n4)cc23)cc1,0
Cc1cc(C2CCN(CCCF)CC2)cc2[nH]c(-c3c(NCCn4cc(Cl)cn4)cc[nH]c3=O)nc12,0
O=c1c(O)c(-c2ccc(O)c(O)c2)oc2c(O)c(O)cc(O)c12,0
O=C1Cc2c([nH]c3ccc(Br)cc23)-c2cccc(O)c2N1,0
N=C(N)NCCNc1ccc(C(=O)Nc2ccc(N(Cc3ccc(-c4ccccc4)cc3)Cc3ccc(-c4ccccc4)cc3)cc2)cc1-c1ccccc1,0
Nc1cccc(-c2cccc3c2[nH]c2ccc4ccc(O)cc4c23)c1,0
Cc1ccc2nc(C3=C(N)N(c4ccc(Cl)cc4)CC3=O)[nH]c2c1,0
CCCNc1ncc(-c2cc(-c3ccc(OC4CCCC4)cc3Cl)nc(-c3cnccn3)n2)s1,0
CC(C)[C@H](CO)Nc1nc(Nc2ccc(Br)cc2)c2ncn(C(C)C)c2n1,0
COc1cc(-c2cc(=O)c3ccccc3o2)cc(OC)c1O,0
Cc1ccc(NC(=O)c2ccc(C(=O)Nc3ccccc3N)s2)cc1Nc1ncc(-c2cccnc2)cn1,0
Oc1ccc(/C=C/c2ccc(O)c(O)c2)cc1O,0
N#Cc1c(N)nc2sc(C(=O)c3cccc(Cl)c3)c(N)c2c1-c1ccccc1I,0
Cn1cc(-c2ccc3cn(Cc4ccc5ncccc5c4)nc3c2)cn1,0
COc1ccc(C(=O)OCC2(CO)C/C(=C/c3cccnc3)C(=O)O2)cc1,0
Cc1cc(Nc2nn(C(C)C)c(=O)c3ccc(N4CCOCC4)cc23)n[nH]1,0
CC(=O)N[C@@H](Cc1ccc(OP(=O)(O)O)cc1)C(=O)N[C@@H](CCC(=O)O)c1nc(CCC(C)C)cs1,0
CCCCN(Cc1cccc(Br)c1O)C(=S)Nc1ccccc1,0
COC(=O)c1ccccc1NC(=O)CSc1ccccn1,0
COc1ccc(CC(=O)NS(=O)(=O)c2ccc(Br)cc2)cc1,0
CC(Oc1ccc2ncc(CCC(N)=O)cc2c1)c1c(Cl)ccc(F)c1Cl,0
COc1cc(-c2csc3c(/C=C/CN[C@H]4CC[C@@H](N)CC4)cnc(N)c23)ccc1NC(=O)c1cc2ccccc2n1C,0
COc1cc2c(Nc3c(Cl)ccc4c3OCO4)ncnc2cc1OCc1ccnc(C#N)c1,0
Nc1cccc(NC(=O)c2ccnc3nc(-c4cccs4)[nH]c23)c1,0
COc1ccccc1NS(=O)(=O)c1cccc(S(=O)(=O)NCC2CCN(C(=O)OC(C)(C)C)CC2)c1,0
CCCCCn1c(NC(=O)c2cccc([N+](=O)[O-])c2)nc2ccccc21,0
NC(=O)c1nccc2c1[nH]c1ccc(S(=O)(=O)NCC(O)CO)cc12,0
Cc1cccc(-c2ccc(C(=O)N3CCc4c([nH]c5ccccc45)C3)cc2)c1,0
c1cnc2[nH]cc(-c3ccnc(NCC4CCCCC4)n3)c2c1,0
O[C@H]1CC[C@H](Nc2nc(NC3CCCCC3)ncc2-c2ccccn2)CC1,0
COCCOCCOCC(=O)Nc1ccc(S(=O)(=O)Nc2nncs2)cc1,0
CN(C)CC(O)COc1ccc(Nc2cc(Nc3ccccc3F)ncn2)cc1,0
Clc1ccc2c(c1Nc1ncnc3cc(OCCCN4CCOCC4)ccc13)OCO2,0
COc1cccc(-c2cc(=O)c3ccccc3o2)c1N,0
O=C(Nc1ccc2ccc(S(=O)(=O)Nc3cccc(-n4cnnn4)c3)cc2c1)Nc1ccc2ccc(S(=O)(=O)Nc3cccc(-n4cnnn4)c3)cc2c1,0
C/C(=N\CCCn1ccnc1)C1=C(O)c2ccccc2C1=O,0
Cc1ccc(/C=C/c2nc(N)nc(-c3ccccc3O)n2)o1,0
Cc1ccc(N(C(=O)c2ccccc2)C(=O)c2ccccc2)cc1Nc1nccc(-c2cccnc2)n1,0
CC(C)COc1cc(Nc2ccc(S(=O)(=O)N(C)C)cc2)n2ncc(C(C)C)c2n1,0
O=C(Nc1ccccc1Cl)c1n[nH]c2ccccc12,0
CCOc1cc(/C=C2/SC(=O)NC2=O)cc(Cl)c1OCC,0
Fc1ccc(-c2nnc3n2-c2cccnc2Nc2ccccc2-3)cc1,0
CC1=C(C(=O)Nc2ccc(C)cc2)C(c2ccc(O)cc2O)NC(SCc2ccccc2)=N1,0
Nc1n[nH]c2nc(-c3ccc(NS(=O)(=O)c4cccc(Cl)c4Cl)cc3)cnc12,0
CC[C@H](C)[C@H](NC(=O)[C@H](CCC(=O)O)NC(=O)[C@H](CCC(=O)O)NC(=O)[C@H](Cc1ccc(O)c(O)c1)NC(=O)/C=C/c1ccc(O)c(O)c1)C(=O)N[C@@H](CCC(=O)O)C(=O)O,0
CC(C)c1ccc(/C=C2/C(=O)Nc3ccccc32)cc1,0
CC(C)(C)c1cc(NC(=O)Nc2cccc3ccccc23)n(-c2cccc(N)c2)n1,0
Cc1ccc(C(=O)Nc2cccc(C(C)C)c2)cc1/C=C/n1cnc2c(NC3CC3)ncnc21,0
COC(=O)CCc1c[nH]c(/C=C2\C(=O)Nc3ccccc32)c1C,0
NC(=O)c1c(-c2ccncc2)nn(-c2ccccc2)c1N,0
N#Cc1c(SCC(=O)c2ccccc2)nc2c(c1-c1ccsc1)CCCC2,0
COc1ccccc1-c1ccc(C(=O)N2CCc3c([nH]c4ccccc34)C2)cc1,0
Nc1c(C(=O)c2ccccc2)cnn1-c1cccc([N+](=O)[O-])c1,0
COc1cc(O)cc2c1cc([N+](=O)[O-])c1c(C(=O)O)cc3c(c12)OCO3,0
c1nc(N2CCC3(CCCCN3)CC2)c2nc[nH]c2n1,0
O=C(Nc1cccc(CNc2ncnc3c2cnn3CCc2ccccc2)c1)c1ccccc1,0
Nc1ccc2cc(C3OCCCO3)ccc2n1,0
O=C(CC(C(=O)O)c1ccc2c(c1)OCO2)c1ccc2c(c1)OCO2,0
O=C(CSc1ncccc1-c1nc2ccccc2[nH]1)N1CCN(c2ccccc2F)CC1,0
CNC(=O)c1[nH]cnc1C(=O)Nc1cccc(OC)c1,0
Clc1ccccc1NCc1cnn2ccccc12,0
Cc1ccc(C(=O)NC2CC2)cc1NC(=O)c1ccc2ccn(C)c2c1,0
Cn1cc(C2=C(c3coc4ccccc34)C(=O)NC2=O)c2cc(C3CC3)ccc21,0
O=C(Nc1ccccc1Cl)c1cnn2cc(Cl)ccc12,0
CCCCCCc1noc([C@H](CC)NC(=O)[C@H](Cc2ccc(OP(=O)(O)O)cc2)NC(C)=O)n1,0
O=C(NCCc1c[nH]c2ccccc12)c1ccccc1-c1ccc(F)cc1,0
O=C(Nc1nncs1)c1ccc(N2C(=O)C3C4C=CC(C4)C3C2=O)cc1,0
Cc1cccc2c1/C(=C/c1ccc(N3CCOCC3)cc1)C(=O)N2,0
Nc1ncccc1-c1nc2cccnc2n1-c1ccc(CC(=O)Nc2ccccc2)cc1,0
CCCC(=O)Nc1n[nH]c2cc(-c3ccc(O)cc3)c(-c3ccccc3)cc12,0
O=c1sn(CCc2ccccc2)c(=O)n1Cc1ccc(F)cc1,0
COC(=O)Nc1ccccc1Nc1nc(C)nc(Nc2cc(OC)c(OC)c(OC)c2)n1,0
COc1cc2c(Nc3ccc(Cl)cc3F)ncnc2cc1OC1CCN(C)CC1,0
Nc1nccc(-c2c[nH]c3c(Br)ccc(O)c23)n1,0
NC(=O)c1ccc(-c2cnc3ccc(Cc4ccccc4)nn23)cc1,0
COC(=O)c1ccccc1NC(=O)c1ccc(NS(C)(=O)=O)cc1,0
Oc1cccc(/C=C/c2ccc(O)c(O)c2)c1,0
CCN(CC)S(=O)(=O)c1cc(Nc2nccc(-c3ccnc(-c4ccc(NC(=O)NC)cc4)c3)n2)ccc1Cl,0
CC[C@@H](C)[C@H](NC(=O)[C@H](CCC(=O)O)NC(=O)C[C@H](NC(=O)[C@H](Cc1ccc(OP(=O)(O)O)cc1)NC(C)=O)C(=O)O)C(=O)O,0
CC(CN(C)C)Oc1ccc(Cl)cc1NC(=O)Nc1cnc(C#N)cn1,0
CN(C)c1cc(-c2ccc(F)cc2)sc1C(N)=O,0
Cl.N=C(N)N/N=C/c1c(-c2ccc(F)cc2)nc2sc(Cl)cn12,0
O=Cc1cc(O)c2c(c1O)C(=O)C=CC2=O,0
O=CN1CCN(c2ccc(/C=C3\C(=O)Nc4ccccc43)cc2)CC1,0
O=C(Cc1ccc(-c2ccc3nccn3c2)cc1)Nc1cccc(Cl)c1,0
O=C(NC1CCC[C@@H]1OC(=O)c1cc(O)c(C(=O)c2c(O)cccc2C(=O)O)c(O)c1)c1ccc(O)cc1,0
CN1CC(C)(COc2ccc(C(=N)N)cc2)Oc2ccc(N(CC(=O)O)Cc3cc(F)cc(F)c3)cc21.O=C(O)C(F)(F)F,0
Cc1c(Nc2ccc(OCc3cccc(F)c3)c(Cl)c2)ncnc1-c1ccccc1,0
c1cn(Cc2ccc3c(c2)-c2[nH]nc(-c4ccsc4)c2C3)cn1,0
CNC(=O)c1ccc2c(CNCCCCO)c(-c3cc(Cc4ccccc4)[nH]n3)[nH]c2c1,0
Cc1cccc(-c2ccccc2C(=O)N2CCc3c([nH]c4ccccc34)C2)c1,0
COc1cc(CCc2cc(Nc3ccnc(NCc4ccccn4)n3)n[nH]2)cc(OC)c1,0
CC(C)[C@@H](N)C(=O)N1C2CCC1CN(C(=O)c1ccc(Nc3ncc4cc(C(=O)N(C)C)n(C5CCCC5)c4n3)nc1)C2,0
O=C1NC(=O)N(Cc2ccccc2)/C1=C/c1ccc(Br)cc1,0
Nc1cccc(-c2ccc3c(N)n[nH]c3c2)c1,0
COc1cc2ncnc(Nc3cc(NC(=O)c4cccc(N(C)C)c4)ccc3Cl)c2cc1OC,0
CCOC(=O)c1cnc2ccc(C)cc2c1Nc1ccc(N2CCOCC2)cc1,0
COc1ccc(CC(=O)Nc2nc(C)cs2)cc1OC,0
CN(C)c1ccc(/C=C2\C(=O)NC(=O)N2Cc2ccccc2)cc1,0
CC(=O)Nc1nc(-c2ccc(F)c(C)n2)c(-c2ccc3ncnn3c2)[nH]1,0
COc1c(NCCNc2cccc3ccccc23)c(F)cc2c(=O)c(C(=O)O)cn(C3CC3)c12,0
CN1CCN(c2ccc(Nc3cc(-c4c[nH]c5ccccc45)ncn3)cc2)CC1,0
Cc1[nH]c2ccccc2c1-c1ccnc(N2CCOCC2)n1,0
Cc1ccc(C(=O)NC2CC2)cc1-c1ccc2c(=O)n(CC3CC3)nnc2c1,0
N#C/C(=C\c1ccc(O)c(O)c1)C(=O)c1cccs1,0
CC(C)C[C@H](NC(=O)[C@H](Cc1c[nH]c2ccccc12)NC(=O)[C@@H](N)CO)C(=O)N[C@@H](C)C(=O)N[C@@H](Cc1ccc(O)cc1)C(=O)N1CCC[C@H]1C(=O)N[C@@H](C)C(=O)N[C@@H](C)C(=O)N[C@H](C(=O)N[C@@H](CO)C(=O)N[C@@H](Cc1ccc(O)cc1)C(=O)N[C@@H](CCCNC(=N)N)C(=O)O)C(C)C,0
NS(=O)(=O)c1cccc(Nc2ncnc3[nH]cnc23)c1,0
O=C(Nc1ccc2[nH]nc(-c3nc4ccccc4[nH]3)c2c1)NC1CCCC1,0
O=c1[nH]c(=S)c2c(n1-c1ccccc1)CCC2,0
CCc1cc(-c2nc(-c3cc(OC)c(OC)c(OC)c3)cnc2N)ccc1C(=O)O,0
CN(C)C(=O)c1ccc2c(c1)/C(=C/Nc1ccc(CN3CCCCC3)cc1)C(=O)NC2=O,0
COc1ccc(CN/C=C2\C(=O)NC(=O)c3ccc(-c4ccccc4)cc32)cc1O,0
Cc1n[nH]c2c[nH]nc12,0
CC(=O)NCC(=O)N[C@@H](CCCNC(=N)N)C(=O)N1CCC[C@H]1C(=O)N[C@@H](C)C(=O)Nc1ccc(C(=O)N[C@H](C(=O)N[C@@H](Cc2ccccc2)C(=O)NCc2ccccc2)C(C)C)cc1,0
O=C(NC1C2CCC(C2)C1OC(=O)c1cc(O)c(C(=O)c2c(O)cccc2C(=O)O)c(O)c1)c1ccc(O)cc1,0
CN(C)Cc1ccc(-c2nnc(SCC(=O)O)[nH]2)cc1,0
O=C(OCC(Cc1ccc(O)cc1)NS(=O)(=O)c1ccc2ccccc2c1)c1cc(O)c(C(=O)c2c(O)cccc2C(=O)O)c(O)c1,0
COc1ccc(-c2ccc3c(NC(=O)C4CC4)n[nH]c3n2)cc1,0
COc1ccc(-c2cc3ncnc(O)c3s2)cc1,0
NC(=O)c1ccc2c(OCc3nnc4ccc(-c5ccccc5)nn34)ccnc2c1,0
COc1ccc(Nc2ncc3ncc(=O)n(-c4cccc(NC(=O)/C=C/CN(C)C)c4)c3n2)cc1,0
Nc1ncccc1-c1nc2cccnc2n1-c1ccc(CNC(=O)c2ccccc2)cc1,0
CC(=O)N1CCN(C(=O)c2cccc(CSc3sc(NC(=O)c4ccc(N(C)C)cc4)nc3-c3ccccc3)c2)CC1,0
CN1CCN(CCCOc2ccc(N3C(=O)/C(=C/c4ccc(Oc5ccc(C(=O)N(C)C)cc5)cc4)SC3=S)cc2)CC1,0
NS(=O)(=O)c1ccc(-n2nc(C(F)(F)F)cc2-c2ccc(CCBr)cc2)cc1,0
CCOC(=O)CNC(=O)c1sc2ncnc(N3CCc4ccccc4C3)c2c1C,0
Cc1nc(N)c2sc3ncccc3c2n1,0
CC(C)=CCNc1nc(N)nc2c1ncn2C(C)C,0
Cc1ccc(C(=O)NC2CC2)cc1-c1cc2cnn(-c3ccccc3F)c2n(C)c1=O,0
CNS(=O)(=O)c1ccc(OCC(F)(F)F)c(Nc2ncnc3cc(OC(C)C)c(OC)cc23)c1,0
CNC(=O)c1ccc2c(c1)/C(=C\c1ccc3cn[nH]c3c1)C(=O)N2,0
Cl.N=C(N)N/N=C/c1c(-c2ccc(F)c([N+](=O)[O-])c2)nc2sc(Cl)cn12,0
CC(C)C[C@@H]1NC(=O)NC(=O)[C@@H]2CCCN2C(=O)[C@H](CCC(=O)O)NC(=O)[C@H](CC(=O)O)NC(=O)[C@H](Cc2ccc(O)cc2)NC(=O)[C@H](Cc2ccccc2)Nn2cc(nn2)C[C@@H](C(N)=O)NC(=O)[C@H](CCC(=O)O)NC1=O,0
COc1cc(OC)cc(C2Cc3cnc(N(CCCCCO)C(C)=O)cc3N=C2NC(=O)NC(C)(C)C)c1,0
O=C(O)C[C@@H](Cc1ccc(OP(=O)(O)O)cc1)C(=O)N[C@@H](CO)c1nc(Cc2ccc(Cl)c(Cl)c2)no1,0
Cc1ccc(C(=O)NC2CC2)cc1-c1cc2cnn(-c3ccc(F)cc3F)c2n(C)c1=O,0
c1ccc2c(c1)ccn2CCCn1ccc2ccccc21,0
Clc1ccc(COC(Cn2ccnc2)c2ccc(Cl)cc2Cl)c(Cl)c1,0
CC[C@H](Nc1nc(NCc2cccnc2)c2ncn(C(C)C)c2n1)[C@@H](C)O,0
c1ccc(CNc2ncnc3[nH]cnc23)cc1,0
CC[C@@H](Nc1nc(NCc2cccnc2)c2ncn(C(C)C)c2n1)C(C)(C)O,0
CS(=O)(=O)c1ccccc1Nc1nccc(Nc2c(Cl)ccc3c2OCO3)n1,0
COc1ccc(Nc2cncc(-c3cccc(NC(C)=O)c3)n2)cc1,0
N#Cc1ccc2ccn(-c3ccnc(N)c3)c2c1,0
CCCCCc1ccc(CNC(=O)[C@H](Cc2ccccc2)NC(=O)[C@@H](NC(=O)c2ccc(NC(=O)[C@H](CCCNC(=N)N)NC(=O)[C@@H]3CCCN3C(=O)[C@H](CCCNC(=N)N)NC(=O)CNC(C)=O)cc2)C(C)C)cc1,0
O=c1ncn2nc(Sc3ccccc3)ccc2c1-c1ccc(Cl)cc1Cl,0
Nc1nc(Nc2cccc(F)c2)c2c(n1)[nH]c1cccc(Cl)c12,0
Cc1[nH]nc2c1[C@H](c1ccccc1)C1=C(CC(C)(C)CC1=O)N2,0
Cc1nn(-c2ccccc2)c(Cl)c1C1C(C#N)=C(N)N(c2cccnc2)C2=C1C(=O)CC(C)(C)C2,0
CC(=O)Oc1c2oc3cc(O)c(O)cc3c2c(OC(C)=O)c2oc3cc(O)c(O)cc3c12,0
O=C1Cc2cnc(Nc3ccc(O)cc3)nc2-c2ncccc2N1,0
NS(=O)(=O)c1ccc(-n2nc(C(F)(F)F)cc2-c2ccc(-c3ccc(Cl)cc3)cc2)cc1,0
CC[C@@H]1C(=O)N(C)c2cnc(-n3ccnc3-c3ccccc3)nc2N1C1CCCC1,0
O=C(Nc1ccc2ccc(S(=O)(=O)Nc3cccc(S(=O)(=O)[O-])c3)cc2c1)Nc1ccc2ccc(S(=O)(=O)Nc3cccc(S(=O)(=O)[O-])c3)cc2c1.[Na+].[Na+],0
COCCCc1cc(Nc2ccnc(NCc3cc(C(N)=O)no3)n2)n[nH]1,0
COc1ccc(CNCc2c(-c3n[nH]cc3-c3ccccc3)[nH]c3cc(C(=O)N(C)CC(C)C)ccc23)cc1,0
Cn1ccc2cc(-c3cn4c(-c5ccc6ncccc6c5)cnc4cn3)ccc21,0
CCCc1nc(SCC(=O)Nc2cc(C)on2)c2ccccc2n1,0
O=[N+]([O-])c1ccc(-n2cnc3ccccc32)cc1,0
Nc1cccc(-c2ccc(N)nc2)c1,0
NCC1CCN(c2cc(Nc3cnccn3)ncn2)CC1,0
CN(C)c1csc2c(=O)[nH]cnc12,0
COC(=O)c1ccccc1NC(=O)COc1ccccc1,0
N#Cc1ccc(C(=O)CSc2nc(N)c(C#N)c(-c3ccsc3)c2C#N)cc1,0
O=C(c1ccccc1-c1ccncc1)N1CCc2c([nH]c3ccccc23)C1,0
COc1cc(C2=C(c3cn(CC(O)CO)c4ccccc34)CNC2=O)cc(OC)c1OC,0
Fc1cc(Cl)ccc1Nc1ncnc2[nH]c(CCc3ccccc3)cc12,0
Cc1ccc2cc3cc(C(=O)NCc4ccc5c(c4)OCO5)oc3nc2c1,0
C/C(=N/O)c1sccc1NC(=O)Cc1ccccc1,0
Cc1cc(CNc2nccc(Nc3cc(CO)[nH]n3)n2)on1,0
N[C@H]1CC[C@H](Nc2cc(Nc3ccc(S(=O)(=O)c4ccccc4)cc3)n3ncnc3n2)CC1,0
COc1cccc2c1CCc1cc(Nc3ccc(F)cc3F)ccc1C2=O,0
c1ccc(-n2cnc3cc(SCCCN4CCOCC4)ccc32)cc1,0
Cc1cc(C)c(O)c(CN(Cc2ccc(F)cc2)C(=O)Nc2ccccc2)c1,0
CC(=O)N[C@@H](Cc1ccc(OP(=O)(O)O)cc1)C(=O)N[C@@H](C)c1nc(Cc2ccc3ccccc3c2)no1,0
CCC(Nc1ncnc2c(C(N)=O)cccc12)c1cccc(NC(=O)c2ccc(OC(F)(F)F)cc2)c1,0
CCCCCCCCc1ccc(O)cc1,0
Clc1ccc2c(ccn2CCc2c[nH]c3ccc(Cl)cc23)c1,0
COc1c(O)cc2oc(-c3ccc(O)c(O)c3)cc(=O)c2c1O,0
COc1ccc(C2=NOC(C(=O)Nc3ccc(C(C)=O)cc3)C2)cc1OC,0
COc1cc2c(cc1OC)Nc1ncnc(O)c1C2,0
Cc1ccc(-c2n[nH]nc2C#N)cc1,0
CCOC(=O)c1cnc2ccc(Cl)cc2c1N1CCN(C)CC1,0
NC(=O)c1cccc2c(NCCc3c[nH]c4ccccc34)ncnc12,0
CC(C)(O)c1ccc(Nc2nc3ccc(C#N)cc3[nH]2)cc1,0
Clc1ccc(-c2csc(N3N=C(c4ccc(Br)cc4)CC3c3ccc(Br)cc3)n2)cc1,0
COC(=O)c1cccc(NC(=O)c2cc(-n3cc(CNc4ncccn4)nn3)ccc2O)c1,0
CC1=CCC[C@H]2[C@](C)(CC3=C(O)C(O)=C/C(=N\[C@@H](CO)C(=O)O)C3=O)[C@H](C)CC[C@]12C,0
Cn1cc(-c2cccc3c(N)c(C(N)=O)nnc23)cn1,0
Cc1nn(-c2ccnc(Nc3ccc4c(c3)c(Cl)c(C)n4C)n2)cc1CN1CC(O)C1,0
CC(C)C[C@H](NC(=O)[C@H](Cc1c[nH]c2ccccc12)NC(=O)[C@@H](N)CO)C(=O)N[C@@H](C)C(=O)N[C@@H](Cc1ccc(O)cc1)C(=O)N1CCC[C@H]1C(=O)NCC(=O)N[C@@H](C)C(=O)N[C@@H](C)C(=O)N[C@@H](CO)C(=O)N[C@@H](Cc1ccc(O)cc1)C(=O)N[C@@H](CCCNC(=N)N)C(=O)O,0
Nc1n[nH]c2cc(-c3ccccc3)ccc12,0
O=c1[nH]cnc2c(-c3ccccc3)c(-c3ccc(F)cc3)sc12,0
c1ccc2c(c1)ccn2CCn1ccc2ccccc21,0
COc1cc2nccc(Oc3ccc4c(C(=O)NC5CC5)cccc4c3)c2cc1C(N)=O,0
N#Cc1cnc2c(F)cc(NCc3c[nH]cn3)cc2c1Nc1ccc(F)c(Cl)c1,0
O=C1CN2C(=NN1)COc1ccc(NC(=O)C3CCNC3)cc12,0
Cn1cc(-c2nc(-c3c[nH]c4ncccc34)cs2)c2cc(F)ccc21,0
COc1ccc2[nH]cc(-c3ccnc(N)n3)c2c1,0
c1ccc(-n2cnc3cc(OCCCCN4CCOCC4)ccc32)cc1,0
N[C@H](COc1cnc(Cl)c(-c2ccc3cnccc3c2)c1)Cc1c[nH]c2ccccc12,0
COc1cc(OC)cc(-c2cc3cnc(NCCCCO)cc3nc2NC(=O)NC(C)(C)C)c1,0
O=C(c1ccccc1)c1cccc(NC(=O)c2cc3ccccc3[nH]2)c1,0
Nc1nc(Nc2cccc(Br)c2)c2ccn(Cc3ccc(-c4ccccc4)cc3)c2n1,0
COc1ccc2[nH]c(-c3cc[nH]n3)nc2c1,0
COc1cc(Nc2nc(N[C@@H](C)c3ncc(F)cn3)nc(N3CCOCC3)c2F)n[nH]1,0
COc1ccc(-c2c[nH]c3c2-n2cccc2C3=O)cc1O,0
NC(=O)c1ccc(-c2ccc(Cl)cc2)s1,0
COc1ccc(NS(=O)(=O)c2ccc(C(=O)N(C)Cc3ccccc3)cc2)cc1,0
O=C(c1ccccc1)c1ccc(NC(=O)c2cc3ccccc3[nH]2)cc1,0
CC(C)(C)OC(=O)C1C(=O)N(C(=O)OC(C)(C)C)c2ccccc2-c2[nH]c3ccc(Br)cc3c21,0
CC(C)c1nc2[nH]nc(N)c2c2c1CCC2,0
CCOC(=O)CC(=O)Nc1cccc2c1Cc1c-2n[nH]c1-c1csc(C#CCOc2ccccc2)c1,0
C[Si](C)(C)C1=C2c3nc4ccccc4cc3C(Cl)CC2CC1=O,0
COC(=O)c1cc(Br)c(=O)n(-c2nccs2)c1,0
C[C@H](CCC(=O)N[C@@H](CO)C(=O)O)[C@H]1CC[C@H]2[C@@H]3CC[C@@H]4C[C@H](O)CC[C@]4(C)[C@H]3CC[C@@]21C,0
CCN1C=CC(=C2C(=O)c3ccccc3C2=O)C=C1,0
Cc1ccccc1CN1C(=O)CC(c2ccccc2)Sc2ccccc21,0
Cc1cncc(Oc2ccc(C(=O)NNC(=O)C(=O)c3c[nH]c4ccccc34)cc2)n1,0
O=C(Nc1ccccc1N1CCCC1)c1ccc(Br)o1,0
CCn1c2c(c3cc(Br)ccc31)CC(=O)Nc1ccccc1-2,0
CC1=C(C(=O)Nc2ccc3[nH]ncc3c2)C(c2ccc(F)c(C(=O)NCc3ncccc3C)c2)NC(=O)N1,0
Br.CC(=O)c1sc(Nc2ccccn2)nc1C,0
O=C(O)c1cc(-c2ccc3c(O)c(O)ccc3c2)ccc1O,0
Oc1cc2c(c(O)c1O)-c1c(cc(O)c(O)c1O)COC2,0
COc1cc(Nc2nc(N[C@H]3CCCC[C@H]3N)n3c(-c4ccccc4)nnc3c2C(N)=O)cc(OC)c1,0
COC(=O)c1c[nH]c2ncccc12,0
COc1ccc(-c2cc(-c3ccccc3)nc3sc(C(N)=O)c(N)c23)cc1,0
COc1ccc(Nc2ncc3c(n2)-c2ccccc2NC(=O)C3)cc1O,0
O=C1C=C(Nc2ccc(O)cc2)C(=O)c2ccccc21,0
Cc1c(-c2ccc(F)cc2)sc2c(=O)[nH]cnc12,0
C[C@H]1C(=O)N(c2ccc(S(=O)(=O)C(F)(F)F)cc2)C(=O)N1Cc1cccnc1,0
Cn1c(SSc2c(C(=O)Nc3ccccc3)c3cc(O)ccc3n2C)c(C(=O)Nc2ccccc2)c2cc(O)ccc21,0
COc1ccc(-c2nnc(SCC(=O)O)[nH]2)c(O)c1,0
C[C@H](CCC(=O)O)[C@H]1CC[C@H]2[C@@H]3CC[C@@H]4C[C@H](O)CC[C@]4(C)[C@H]3CC[C@@]21C,0
O=C(NS(=O)(=O)c1ccc(Br)cc1)c1ccc(Cl)nc1,0
Cc1c(Nc2c(C#N)cncc2/C=C/CN2CCNCC2)ccc2[nH]ccc12,0
C[C@H]1COCCN1c1cc(-c2ccc3c(N)n[nH]c3c2)nc(N)n1,0
NC(=O)c1ccsc1NC(=O)C1CC1,0
Cc1ccc(C(=O)NS(=O)(=O)c2ccccc2)c(Cl)n1,0
CCCN1Cc2cccc(C(=O)NCc3ccccc3)c2C1=O,0
NS(=O)(=O)c1ccc(Nc2cc(OCC3CCCCC3)nc3ncnn23)cc1,0
CC(=O)c1c(C)[nH]c(C(=O)OCn2nnc3ccccc3c2=O)c1C,0
Cc1ccc(-c2cc(C(F)(F)F)nn2-c2ccc(S(N)(=O)=O)cc2)cc1,0
Cc1ccc2c(CC(=O)Nc3sccc3C(N)=O)coc2c1,0
COc1cccc(OC)c1C(=O)c1c(O)cc(C(=O)O[C@@H]2CCCNCC2NC(=O)c2ccc(O)cc2)cc1O,0
Cc1sc2nc[nH]c(=O)c2c1C,0
Nc1ncnc2c1c(-c1ccc(Oc3ccccc3)cc1)cn2C1CCNCC1,0
COc1cc([N+](=O)[O-])cc(-c2nnc(SCC(=O)O)[nH]2)c1O,0
CC(C)=CC[C@@]12OC(C)(C)[C@@H]3C[C@@H](C=C4C(=O)CC(C)O[C@]431)C2=O,0
O=S(=O)(Nc1ccnc(NCCc2ccccc2)n1)c1ccc(Cl)cc1,0
COc1ccc(N(Cc2cc(Br)ccc2O)C(=O)Nc2ccccc2)c(F)c1,0
c1cc(-c2cnn3cc(-c4ccc(OCCN5CCCCC5)cc4)cnc23)ccn1,0
O=c1c(Br)c(OCc2ccccc2)cnn1-c1ccccc1,0
CC1=C(C#N)c2nc(N)c(C#N)c(C)c2/C1=C/c1ccc(-c2cccc(C(=O)O)c2)o1,0
O=C1c2ccccc2-c2onc3ccc(NCCCn4ccnc4)c1c23,0
O=C(Nc1ccccc1)Nc1nnc(Cc2ccccc2)s1,0
CO/N=C/c1ccc(O)c(O)c1,0
C(=C/c1cncc(OC[C@@H]2CCCN2)c1)\c1ccncc1,0
N#Cc1cnc2c(Cl)cc(NCc3cn(C4CCN(C5CCC5)CC4)nn3)cc2c1Nc1ccc(F)c(Cl)c1,0
CC(=O)Nc1sccc1C(N)=O,0
Cc1nnc(-c2ccc(-c3cc(C(=O)NC4CC4)ccc3C)c(C)c2)o1,0
Cc1ccc(NC(=O)c2ccc(C(=O)Nc3ccccc3N)s2)cc1Nc1ncc(-c2cccnc2)s1,0
C[C@@H](Oc1ccc2ncc(C3CC3C(N)=O)cc2c1)c1c(Cl)ccc(F)c1Cl,0
O=C(CC1C(S)=Nc2ccccc21)NCc1ccccc1,0
CCOc1nccc(Nc2ccccc2C(=O)O)n1,0
CCCCC(=O)Nc1cccc(NC(=O)c2ccc(Br)o2)c1,0
COc1ccc(Nc2cc3[nH]c(-c4cn[nH]c4)cc3cn2)c(Cl)c1,0
CC(=O)N1N=C(c2ccc(C)c(C)c2)CC1c1ccccc1,0
N#C/C(=C\c1c[nH]c2ccccc12)c1nc2ccccc2s1,0
CCOP(=O)(CCn1cc(-c2ccn3c(-c4ccnc(SC)n4)c(-c4ccc(F)cc4)nc3n2)nn1)OCC,0
c1cncc(Oc2ncnn3cccc23)c1,0
CC(C)(C)c1cnc(CSc2cnc(NC(=O)Cc3ccc(CNC(CO)CO)cc3)s2)o1,0
O=C(O)CC(Cc1nc2cc(-c3ccccc3)ccc2[nH]1)c1ccc(Cl)cc1,0
Clc1ccccc1C(c1ccccc1)(c1ccccc1)n1ccnc1,0
Nc1nccc(/C=C/c2[nH]cnc2-c2ccccc2)n1,0
O=C(CN1CCOCC1)Nc1cccc(-c2cnc3ccccc3n2)c1,0
COc1cc(O)c2c(c1)CCCCCC(=O)C[C@H](Cl)C[C@H](C)OC2=O,0
Nc1nccc(/C=C/c2[nH]ncc2-c2ccccc2)n1,0
CN1CCN(c2ccc(N/C=C3\C(=O)NC(=O)c4ccc(C#Cc5ccccc5)cc43)cc2)CC1,0
COc1ccc2c(c1)/C(=C/NCc1ccc(OC)c(O)c1)C(=O)NC2=O,0
Cc1ccc(NC(=O)c2ccc(C(=O)Nc3ccccc3N)nc2)cc1Nc1ncc(-c2cccnc2)cn1,0
CC(C)C[C@@H]1NC(=O)[C@H](Cc2c[nH]c3ccccc23)NC(=O)[C@H](Cc2c[nH]c3ccccc23)NC(=O)[C@@H]2CCCN2C(=O)[C@H](CCCNC(=N)N)NC(=O)[C@H]([C@@H](C)O)NC(=O)[C@@H](N)CSSC[C@@H](C(=O)NCC(N)=O)NC1=O,0
Cc1nc2c(C(=O)NCCc3ccc(NS(C)(=O)=O)cc3)ccc(O)c2[nH]1,0
CC(=O)N[C@@H](Cc1ccc(OP(=O)(O)O)cc1)C(=O)N[C@@H](C(=O)O)C(=O)N[C@H](CCC(=O)O)CC(=O)N[C@H](C(=O)O)C(C)C,0
COc1cc2ncnc(Nc3ccc(F)cc3F)c2cc1OC,0
COc1cc(OC)cc(-c2cc3cnc(N)cc3nc2NC(=O)NC(C)(C)C)c1,0
Cl.Cl.NCCNc1ncc(C(N)=O)c(Nc2cccc(C(F)(F)F)c2)n1,0
COc1cccc(-c2ccccc2C(=O)NCCc2c[nH]c3ccccc23)c1,0
CCCCC(=O)Nc1ncc(Br)s1,0
NC(=O)c1ccccc1Nc1ccnc(Nc2cccc(O)c2)n1,0
COC(=O)c1cccc(NC(=O)c2cc(-n3cc(CNc4ccccc4)nn3)ccc2O)c1,0
COc1cccc(Nc2nc(N)nc3c2-c2ccccc2C3)c1,0
C[C@@H](Nc1c(Nc2ccnc(-c3ccsc3)c2)c(=O)c1=O)c1ccccc1,0
O=C1NN=C(c2cnccn2)/C1=C/c1cc2ccccc2[nH]1,0
CCOC(=O)C1=C(C)NC(OC)N(CC(=O)c2ccc(Cl)cc2)C1c1ccc(C)cc1,0
COc1ccc(-c2cnc3[nH]c(-c4ccc(N(C)C)cc4)nc3c2)cc1,0
COc1ccc(-c2oc3ncnc(NCCO)c3c2-c2ccc(OC)cc2)cc1,0
CN1CCC(CNc2c(Cl)cnc3[nH]c(-c4ccc(S(C)(=O)=O)cc4)nc23)CC1,0
CC(=O)N[C@@H](Cc1ccc(OP(=O)(O)O)cc1)C(=O)N[C@@H](C)c1nc(Cc2ccc(C(F)(F)F)cc2)no1,0
Nc1ncnc2c1ncn2CC(=O)c1ccccc1,0
O=C1C(/C=N/c2ccccc2O)=C(O)c2ccccc21,0
Cc1c(N[C@H]2CCCNC2)nc2ccnn2c1Nc1ccc(C(=O)NC2CCCC2)cc1,0
Cc1ccc(-c2ncc(C)n2C)cc1NC(=O)c1ccc(OCc2ccccn2)cc1,0
CC(=O)NCC(=O)N[C@@H](C)C(=O)N1CCC[C@H]1C(=O)N[C@@H](CCCNC(=N)N)C(=O)Nc1ccc(C(=O)N[C@H](C(=O)N[C@@H](Cc2ccccc2)C(=O)NCc2ccccc2)C(C)C)cc1,0
Cc1sc2nc(-c3cc([N+](=O)[O-])c(Cl)cc3Cl)c(/C=N/NC(=N)N)n2c1C.Cl,0
CC(C)=CCc1cc(C2=CC(=O)C3=C[C@@H]4C[C@H]5C(C)(C)O[C@@](CC=C(C)C)(C4=O)[C@@]35O2)ccc1O,0
Nc1ccc(-c2cc(=O)c3ccc(O)cc3o2)cc1,0
COC(=O)CCc1c(SSc2[nH]c3ccccc3c2CCC(=O)OC)[nH]c2ccccc12,0
CN(C[C@@H](Nc1ncnc2c1=CCCC=2C(N)=O)c1ccccc1)C1CC1,0
N#Cc1cnc2cnc(NCCN3CCOCC3)cc2c1Nc1ccc(Oc2ccccc2)cc1,0
COc1cc(-c2nn([C@H]3CC[C@H](N4CCN(C)CC4)CC3)c3ncnc(N)c23)ccc1NC(=O)OCc1ccccc1,0
COc1ccc(NC(=O)/C=C/CN(C)C)cc1Nc1ncc(C)c(-c2cnn3ccccc23)n1,0
CCOC(=O)c1sc(SC(C)=O)cc1O,0
c1ccc(-c2cnc3[nH]ccc3n2)cc1,0
Nc1nccc(-c2cccnc2)n1,0
CC(=O)NCC(=O)N[C@@H](CCCNC(=N)N)C(=O)N1CCC[C@H]1C(=O)N[C@@H](CCCNC(=N)N)C(=O)Nc1ccc(C(=O)N[C@H](C(=O)N[C@@H](Cc2ccccc2)C(=O)NCc2ccccc2)C(C)C)cc1,0
Cc1cc(C)c(NC(=O)c2ccc3nc(N)oc3c2)c(C)c1,0
CCCCCCCCCCCCCC(=O)O[C@@H]1CC(=O)O[C@@H](CO)C1,0
N=C(N)NCCNc1ccc(C(=O)Nc2ccc(N(Cc3ccc4ccccc4c3)Cc3ccc4ccccc4c3)cc2)cc1-c1ccccc1,0
CC(=O)O[C@H]1C(=O)[C@]2(C)[C@@H](O)C[C@H]3OC[C@@]3(OC(C)=O)[C@H]2[C@H](OC(=O)c2ccccc2)[C@]2(O)C[C@H](OC(=O)[C@H](O)[C@@H](NC(=O)c3ccccc3)c3ccccc3)C(C)=C1C2(C)C,0
Fc1cccc(F)c1-c1nnc2n1-c1cccnc1Nc1ccccc1-2,0
Cc1ccc(N2NC(=O)/C(=C\c3ccc(-c4cc([N+](=O)[O-])ccc4O)o3)C2=O)cc1C,0
CCCCn1c(=O)sn(CC)c1=O,0
O=C(c1sc2c([N+](=O)[O-])cc(C(F)(F)F)cc2[n+]1[O-])N1CCCC1,0
O=C(C(=O)N1CCc2cc(Cl)ccc21)c1c[nH]c2ccc(Cl)cc12,0
COc1cc(O)c2c(c1)/C=C\CCCC(=O)C[C@H](Br)C[C@H](C)OC2=O,0
CC(C)(C)C(=O)Nc1nc(Nc2ccccc2)c2c(n1)[nH]c1cccc(Cl)c12,0
Cc1ccc(-n2ccc(C)c(-c3ccc4nc(N)ncc4c3)c2=O)cc1F,0
COc1cc(Nc2nc(C)nc(Nc3ccccc3NC(C)=O)n2)cc(OC)c1OC,0
Cc1nc(N)sc1-c1ccnc(Nc2ccc(O)cc2)n1,0
CC(=O)Nc1cccc(-c2nc3ccccc3c(=O)o2)c1,0
CC(C)n1nc(-c2ccc3nccc(NC(=O)OC(C)(C)C)c3c2)c2c(N)ncnc21,0
N[C@H](COc1cccc(/C=C/c2ccncc2)n1)Cc1c[nH]c2ccccc12,0
COC(=O)c1sc(C(C)(C)C)cc1NC(=O)Nc1cccc(C)c1,0
Nc1nc(NCc2ccccc2)c2[nH]cnc2n1,0
CC(C)=CCNc1ncnc2[nH]cnc12,0
CCCC(=O)Nc1n[nH]c2cc(-c3ccc(O)cc3)c(-c3ccc(CC)cc3)cc12,0
COc1cccc(O)c1C(=O)c1c(O)cc(C(=O)O[C@@H]2CCCNCC2NC(=O)c2ccc(O)cc2)cc1O,0
CN(C)S(=O)(=O)c1ccc(Nc2cc(N[C@H]3CC[C@H](N)CC3)nc3c(C4CCCC4)cnn23)cc1,0
Nc1cc(-c2ccco2)[nH]n1,0
COc1ccc(NC(=O)/C=C/CN(C)C)cc1Nc1nccc(-c2cnn3ccccc23)n1,0
CC(C)C1C[C@@H](NC(=O)c2ccc(O)cc2)[C@H](OC(=O)c2cc(O)c(C(=O)c3c(O)cccc3C(=O)O)c(O)c2)C1,0
COc1cccc(Nc2cc3nc4ccccc4n3cn2)c1,0
Nc1ccc2cc(Cl)ccc2n1,0
CC(C)(C)c1ccc(C(=O)NNC(=O)C(=O)c2c[nH]c3ccccc23)cc1,0
O=c1cc(Cl)c2sccc2[nH]1,0
COc1cc(C2=C(c3cn(CC4COC(C)(C)O4)c4ccccc34)CNC2=O)cc(OC)c1OC,0
COC(=O)c1sccc1NC(=O)Cc1ccccc1,0
Cc1ccc2c(c1)CCN2C(=O)C(=O)c1c[nH]c2ccccc12,0
COc1ccc(/C=C2\C(=O)NC(=O)N2Cc2ccccc2)cc1.Cl,0
Nc1nccc(-c2c[nH]c3ccccc23)n1,0
CCCCCSc1ncnc2[nH]cnc12,0
CS(=O)(=O)Nc1ccc(-c2cncc(OC[C@@H](N)Cc3c[nH]c4ccccc34)c2)cc1,0
CC(=O)N[C@@H](Cc1ccc(OP(=O)(O)O)cc1)C(=O)N[C@@H](CCC(N)=O)c1nc(Cc2cccc(Cl)c2)no1,0
COC(=O)c1ccccc1NC(=O)COC(=O)c1ccco1,0
Nc1cc(F)ccc1Nc1ccc2c(c1)OCc1cc(OCCN3CCOCC3)ccc1C2=O,0
C[C@H](NC(=O)c1cc2cc(OP(=O)(O)O)ccc2[nH]1)c1nc(Cc2ccc(Cl)c(Cl)c2)no1,0
O=C1c2ccccc2-c2onc3ccc(NCc4ccco4)c1c23,0
Oc1cccc(-n2cnc3ccccc32)c1,0
N#Cc1c(N)nc(SCc2ccncc2)c(C#N)c1-c1cccs1,0
Cc1ccc(C(=O)Nc2cc(N3CCN(C)CC3)cc(C(F)(F)F)c2)cc1/C=C/n1cnc2c(NC3CC3)ncnc21,0
COc1ccc(OC)c(N(C)c2ccc3nnc(-c4cnn(C)c4)n3n2)c1,0
COc1ccccc1N1CCN(c2ncnc3[nH]nc(Br)c23)CC1,0
CCNC(=O)Nc1ccc2ncc(-c3ccc(OC)cc3)cc2n1,0
CCCCCCCCCCCCCCOC(=O)/C=C/[C@@]1(CO)CCC(=O)O1,0
Cc1cc(Nc2nc(NC(C)c3ccc(F)cn3)c(C#N)nc2C)n[nH]1,0
Cc1ccc(S(=O)(=O)c2c(SSc3[nH]c4ccccc4c3S(=O)(=O)c3ccc(C)cc3)[nH]c3ccccc23)cc1,0
Nc1nc(Nc2cccc(Br)c2)c2ccn(Cc3ccccc3)c2n1,0
O=C(Nc1cccc(-c2cn3ccnc3c(NCC3CCNCC3)n2)c1)Nc1cccc(C(F)(F)F)c1,0
Cc1ccc(/C=C\c2ncc([N+](=O)[O-])n2CCOC(=O)c2cccc3c2OCCO3)cc1,0
Cc1cc(C)nc(NC(=O)c2cc(C(=O)O)c(C(=O)Nc3cc(C)cc(C)n3)cc2C(=O)O)c1,0
Cc1nc(NCc2ccco2)c(C#N)c2c1COC(C)(C)C2,0
CCCOc1cnc(CN/C=C2\C(=O)NC(=O)c3ccc(I)cc32)cc1O,0
Nc1nc(Nc2ccc(F)c(Cl)c2)c2cc(CCc3ccccc3)[nH]c2n1,0
Cc1ccccc1-n1c(SCc2cc(=O)n3ccccc3n2)nc2nncc-2c1O,0
Cc1ccc(/C=C2/C(=O)Nc3ccccc32)o1,0
CC[C@@H](C)[C@H](NC(=O)CC[C@H](NC(=O)[C@H](CCC(=O)O)NC(=O)[C@H](Cc1ccc(OP(=O)(O)O)cc1)NC(C)=O)C(=O)O)C(=O)O,0
CCCCc1ccc(-c2ccc(-c3cc(C(F)(F)F)nn3-c3ccc(S(N)(=O)=O)cc3)cc2)cc1,0
Nc1nc(OCC2CCCCC2)c2nc[nH]c2n1,0
Brc1c[nH]c2nccnc12,0
C[C@H]1OC=C2[C@H](O)[C@H]3O[C@H]3C(=O)[C@]23[C@H]2O[C@H](C)[C@@H](C4=C2[C@H](O)[C@H]2O[C@H]2C4=O)[C@H]13,0
NC(=O)c1ccsc1NC(=O)C1CCCCC1,0
N#CCNc1ncnc(-n2c(Nc3cccc(O)c3)nc3ccccc32)n1,0
CC[C@H](C)[C@H](NC(=O)[C@H](CCC(=O)O)NC(=O)[C@H](Cc1ccc(O)cc1)NC(=O)CNC(=O)[C@@H](N)CC(N)=O)C(=O)N[C@@H](CCC(=O)O)C(=O)N[C@@H](Cc1c[nH]c2ccccc12)C(=O)N[C@@H](Cc1ccc(O)cc1)C(=O)N[C@@H](CO)C(=O)N[C@@H](Cc1c[nH]c2ccccc12)C(=O)N[C@H](C(=O)N[C@H](C(=O)N[C@@H](Cc1cnc[nH]1)C(=O)NCC(=O)N[C@@H](CCSC)C(=O)N[C@@H](Cc1ccc(O)cc1)C(N)=O)[C@@H](C)O)C(C)C,0
CCNC(=O)Nc1ccc2ncc(-c3ccc(OC)c(OC)c3)cc2n1,0
Cc1cc2nc(CBr)c(-c3ccccc3)nc2cc1C,0
COc1ccc(/C=C2\C(=O)NC(=O)N2Cc2ccccc2)cc1,0
C[C@H](NC(=O)Nc1cccc2cc(OP(=O)(O)O)ccc12)c1nc(Cc2ccc(Cl)c(Cl)c2)no1,0
O=c1[nH]ccc2cc(OC[C@@H]3CCCNC3)ccc12,0
CC[C@@H](Nc1nc(NCc2cccnc2)c2ncn(C(C)C)c2n1)C(O)C(C)(C)C,0
Cn1c(-c2ccc3nccnc3c2)c(-c2cccc(C#N)c2)c(=O)n1C,0
O=C(Nc1cccc(C(F)(F)F)c1)Nc1ccccc1Cl,0
CN1C(=O)Cc2c([nH]c3ccc(Br)cc23)-c2ccccc21,0
Cc1ccc(S(=O)(=O)NC(=O)c2cccnc2Cl)cc1,0
Fc1ccc(Nc2ncnc3[nH]c(CCc4ccccc4)cc23)cc1Br,0
COc1ccc(NC(=O)CCCCn2c(=O)[nH]c3ccccc3c2=O)cc1,0
COc1ccccc1CNc1ncc(C(=O)NC2CCN(C)CC2)c(NC2CCCC2)n1,0
COCCCc1cc(Nc2ccnc(NCc3cc(C)no3)n2)n[nH]1,0
Nc1nc(Nc2ccc(C(F)(F)F)c(F)c2)c2cc(Cc3ccc(Cl)cc3Cl)[nH]c2n1,0
CC[C@@H](C)[C@H](NC(=O)C[C@H](NC(=O)[C@H](CCC(=O)O)NC(=O)[C@H](Cc1ccc(OP(=O)(O)O)cc1)NC(C)=O)C(=O)O)C(=O)O,0
O=C(Cc1cccc2cnccc12)Nc1scnc1-c1nc[nH]n1,0
O=c1[nH]ccn2nc3c(c12)CCCC3,0
COc1ccc(C2=NN(C(C)=O)C(c3ccc(C(=O)OC(C)Cn4c([N+](=O)[O-])cnc4C)cc3)C2)cc1,0
CC(C)(C)c1cc(C(=O)O)c(NC(=O)Nc2ccc3[nH]ncc3c2)s1,0
COc1cc(-c2nc(-c3cnc4ccccc4c3)c[nH]c2=O)cc(OC)c1OC,0
O=C1NC(=O)C(c2cccc([N+](=O)[O-])c2)=C1Nc1cccc(Cl)c1,0
Cc1csc2nc(-c3ccc(Cl)c([N+](=O)[O-])c3)c(/C=N/NC(=N)N)n12.Cl,0
O=c1cc(-c2ccc(O)cc2)oc2cc(O)cc(O)c12,0
CCCc1cc(O)n2c(n1)nc1ccccc12,0
O=C(Nc1ccc2c(O)c(/N=N/c3ccc(/N=N/c4ccc(S(=O)(=O)O)cc4)cc3S(=O)(=O)O)c(S(=O)(=O)O)cc2c1)Nc1ccc2c(O)cc(S(=O)(=O)O)c(/N=N/c3ccc(/N=N/c4ccc(S(=O)(=O)O)cc4)cc3S(=O)(=O)O)c2c1,0
NC(=O)c1nc(-c2cccnc2)oc1N,0
O=C(N[C@H]1CCCNC1)c1ccnc2nc(-c3cc(N4CCOCC4)cs3)[nH]c12,0
Cn1nnnc1SCc1ccc(C(=O)Nc2nccs2)cc1,0
COc1ccccc1C1=C(Nc2cc(Cl)c(O)c(Cl)c2)C(=O)NC1=O,0
COC1CCN(C(=O)c2ccc(Nc3cc4c(cn3)cc(-c3cnn(C)c3)n4C(=O)OC(C)(C)C)c(Cl)c2)CC1,0
COC(=O)c1cccc(Cn2nnc3ccccc3c2=O)c1,0
NCCCn1c(-c2ccccc2)nc2cc(C(N)=O)ccc21,0
O=C1C(O)=C(c2ccc3ccccc3c2)C(=O)C(O)=C1c1ccccc1,0
c1cc(-c2cnn3nc(NC4CCCC4)ccc23)nc(NC2CC2)n1,0
O=Cc1ccccc1OP(=O)(O)OCC1CCCCC1,0
COc1ccc(OC)c(Cc2cc3c(Nc4ccc(Cl)cc4)nc(N)nc3[nH]2)c1,0
C(=C/c1c(-c2ccccc2)nc2sccn12)\c1ccncn1,0
O=C(CCC1C(S)=Nc2ccccc21)NCc1ccccc1,0
Cn1c(SSc2c(C(=O)Nc3ccccn3)c3ccccc3n2C)c(C(=O)Nc2ccccn2)c2ccccc21,0
CC[C@H](C)[C@H](NC(=O)[C@H](CCC(=O)O)NC(=O)[C@H](CCC(=O)O)NC(=O)[C@H](Cc1ccc(CC(=O)O)cc1)NC(C)=O)C(=O)O,0
N#CC(C#N)=C1C(=O)Nc2ccc([N+](=O)[O-])cc21,0
O=Cc1cccc(OP(=O)(O)O)c1,0
N#Cc1cnc(Nc2cccc(Br)c2)c2cc(NC(=O)CCc3cc4ccccc4[nH]3)ccc12,0
CCc1c(NC2CCCNC2)nc2ccnn2c1Nc1ccc(F)c(Cl)c1,0
CC(=O)NC(Cc1c(SSc2[nH]c3ccccc3c2CC(NC(C)=O)C(=O)NCc2ccccc2)[nH]c2ccccc12)C(=O)NCc1ccccc1,0
O=C(CC(c1ccccc1)C(C(=O)O)C(=O)O)c1ccc(C(F)(F)F)cc1,0
COc1cc(Br)c(Br)c(/C=N/c2ccc3[nH]c(=O)[nH]c3c2)c1O,0
NC(=O)c1nccc2c1[nH]c1ccc(S(=O)(=O)NCCCO)cc12,0
COc1cccc(C2CC(c3ccc4c(c3)OCCO4)=NN2c2ccccc2)c1,0
CCOc1ccccc1NC(=O)c1ccoc1,0
COc1ccc(COC(=O)C2=C(C)NC(=O)NC2c2ccc(O)c(OC)c2)cc1,0
Nc1cc2ccccc2cn1,0
Cc1cc(C)nc(Sc2cc(=O)c3c(O)cc(O)c(C4CCN(C)CC4O)c3o2)n1,0
C(=C/c1nccc(-c2c[nH]c3cnccc23)n1)\c1ccccc1,0
COc1cc(/C=C2/SC(=S)N(c3cccnc3)C2=O)ccc1O,0
Nc1cc(/C=C/c2c(-c3ccccc3)nc3sccn23)ncn1,0
CN1CCN(c2ccc3c(c2)/C(=C/Nc2ccc(CN4CCCCC4)cc2)C(=O)NC3=O)CC1,0
Cc1cn2c(/C=N/NC(=N)N)c(-c3ccc([N+](=O)[O-])cc3)nc2s1.Cl,0
O=C1Nc2ccccc2/C1=C\c1ccc2cn[nH]c2c1,0
Cl.N=C(N)N/N=C/c1c(-c2ccc(Cl)cc2)nc2sc(Cl)cn12,0
CCN1CCc2c(sc(N)c2C#N)C1,0
Cn1cc(C2=C(c3cn(C)c4cc(C(=O)O)ccc34)C(=O)NC2=O)c2ccccc21,0
O=C(c1ccccc1-c1ccc(F)cc1)N1CCc2c([nH]c3ccccc23)C1,0
CNC(=O)[C@@H](Cc1c[nH]c2ccccc12)NC(=O)[C@H](CCC(=O)O)NC(=O)[C@H](Cc1ccccc1)NC(=O)[C@H](Cc1ccc(C(O)P(=O)(O)O)cc1)NC(=O)[C@H](Cc1cccnc1)NC(C)=O,0
C=C(C)[C@@H]1CC[C@]2(C(=O)O)CC[C@]3(C)[C@H](CC[C@@H]4[C@@]5(C)CC[C@H](OS(=O)(=O)[O-])C(C)(C)[C@@H]5CC[C@]43C)[C@@H]12.[K+],0
COc1cccc(C(=O)Nc2c(C(N)=O)oc3ccccc23)c1,0
C=C(c1cccc2ccccc12)P(=O)(O)O,0
O=C(Nc1ccccc1Cl)c1cnn2cccc(Cl)c12,0
Cc1cc(N)c2ccccc2[n+]1CCCC/C=C\CCCC[n+]1c(C)cc(N)c2ccccc21.[I-].[I-],0
c1cc(-c2cc[nH]n2)ccn1,0
O=C1NC(=O)C(c2ccccc2Cl)=C1Nc1cc(Cl)c(O)c(Cl)c1,0
Cc1nc2ccccc2c(C=O)c1O,0
CCCCCCCCCCCCCCNC(=O)c1cc(NCc2cc(O)ccc2O)ccc1O,0
COc1ccc(C2=C(c3cn(C)c4ccccc34)C(=O)NC2=O)cc1,0
Cl.N=C(N)N/N=C\c1c(-c2ccc(Br)c([N+](=O)[O-])c2)nc2sccn12,0
CCCCCCCn1c(-c2ccc(O)c(O)c2)nc2cc3[nH]c(=O)c(C(C)C)nc3cc21,0
O=C(CN1C(=O)c2ccccc2C1=O)c1ccc(Br)cc1,0
COc1cc2nc(Cl)nc(Nc3ccc(N(C)C)cc3)c2cc1OC,0
c1ccc(-n2nc3ccc4c[nH]nc4c3n2)cc1,0
CN1CCN(c2cccc3[nH]c(-c4n[nH]c5cc(-c6ccc(C(=O)O)cc6)ccc45)nc23)CC1,0
Cc1ccc(C(=O)Nc2cccc(C(F)(F)F)c2)cc1/C=C/n1cnc2c(NC3CC3)ncnc21,0
O=C1CSC(N/N=C/c2cccc([N+](=O)[O-])c2)=N1,0
FC(F)(F)c1ccc(-c2nnc3n2-c2cccnc2Nc2ccccc2-3)cc1,0
CNC(=O)[C@H](Cc1c[nH]c2cc(Cl)ccc12)NC(=O)[C@H](CCC(=O)O)NC(=O)[C@H](Cc1ccccc1)NC(=O)[C@H](Cc1ccc(C(O)P(=O)(O)O)cc1)NC(=O)[C@H](CCC(=O)O)NC(C)=O,0
COc1cc2nccc(Oc3ccc4c(C(=O)NC(C)(C)C)cccc4c3)c2cc1OC,0
Nc1c(C(=O)O)c(-c2ccncc2)nn1-c1c(Cl)cc(Cl)cc1Cl,0
Cc1c(Nc2c(C#N)cncc2/C=C/c2cccc(S(=O)(=O)N3CCN(C)CC3)c2)ccc2[nH]ccc12,0
Cn1cc(-c2ccc3ncc(-c4cccs4)n3n2)cn1,0
N#Cc1cccc2[nH]nc(N)c12,0
CC(C)[C@H](NC(=O)[C@@H]1CC[C@H]2[C@H](NC(=O)CCCCNC(=N)N)COC(=O)N12)C(=O)NC(Cc1ccccc1)C(=O)NCc1ccccc1,0
FC(F)(F)c1cc(-c2ccc3c(ccc4ccccc43)c2)n(-c2ccc(-c3nnn[nH]3)cc2)n1,0
O=C(O)c1cc2cc(F)ccc2[nH]1,0
Cc1ccc(-c2ccncc2)cc1NC(=O)c1ccc(OCc2ccccn2)cc1,0
C[C@H](NC(=O)[C@H](Cc1ccc(OP(=O)(O)O)cc1)NC(=O)Cc1c[nH]c2ccccc12)c1nc(Cc2ccc(C(F)(F)F)cc2)no1,0
CC[C@H](C)[C@H](NC(=O)[C@@H]1CC(=O)NC[C@H](NC(=O)[C@H](CCSC)NC(C)=O)C(=O)N[C@@H]([C@@H](C)CC)C(=O)N[C@@H](CCCCN)C(=O)N2CCC[C@H]2C(=O)N[C@@H](Cc2cnc[nH]2)C(=O)N[C@@H](CCC(N)=O)C(=O)NCC(=O)N[C@@H](CCC(N)=O)C(=O)N1)C(N)=O,0
c1cc2[nH]ncc2cc1-c1c[nH]nn1,0
ClC1=C(Cl)[C@]2(Cl)[C@@H]3[C@@H]4C[C@@H]([C@H]5O[C@@H]45)[C@@H]3[C@@]1(Cl)C2(Cl)Cl,0
NCCCn1c(C2CCNCC2)nc2cc(C(N)=O)ccc21,0
NC(=O)c1cc([N+](=O)[O-])cc2c(NCc3ccc(Cl)c(C(F)(F)F)c3)ncnc12,0
CN(C)C(=O)c1cc2cnc(Nc3ccc(N4CCN(C(=O)OC(C)(C)C)CC4)nn3)nc2n1C1CCCC1,0
CC(C)(C)c1ccc(-c2ccc(-c3cc(C(F)(F)F)nn3-c3ccc(S(N)(=O)=O)cc3)cc2)cc1,0
O=C(O)c1cccc(Nc2ncnc3[nH]c4c(c23)CCCC4)c1,0
N=C(N)NCCNc1ccc(C(=O)Nc2ccc(N(Cc3ccccc3)Cc3ccccc3)cc2)cc1-c1ccc2ccccc2c1,0
c1cnc2[nH]cc(-c3ccnc(N[C@@H]4C[C@@H]5CC[C@@H]4C5)n3)c2c1,0
Cc1ccc2nc(N3C(=O)C(O)=C(C(=O)c4ccco4)C3c3ccc(Br)cc3)sc2c1,0
Nc1ncnc2c1ncn2[C@@H]1O[C@H](C(=O)NCCCCCC(=O)O)[C@@H](O)[C@H]1O,0
